-- Тестовые данные: дилерские точки, юр. лица, склады, бренды (идемпотентно по id)

-- Дилерские точки
INSERT INTO dealer_points (id, name, address, created_at, updated_at)
VALUES
  ('10000000-0000-4000-8000-000000000001', 'Дилерский центр Москва (Ленинградское ш.)', 'г. Москва, Ленинградское шоссе, 39', now(), now()),
  ('10000000-0000-4000-8000-000000000002', 'Дилерский центр Санкт-Петербург', 'г. Санкт-Петербург, пр. Энергетиков, 3А', now(), now()),
  ('10000000-0000-4000-8000-000000000003', 'Дилерский центр Казань', 'г. Казань, ул. Вахитова, 3', now(), now())
ON CONFLICT (id) DO NOTHING;

-- Юридические лица
INSERT INTO legal_entities (id, name, inn, address, created_at, updated_at)
VALUES
  ('20000000-0000-4000-8000-000000000001', 'ООО «Авто-Москва»', '7707123456', 'г. Москва, Ленинградское шоссе, 39', now(), now()),
  ('20000000-0000-4000-8000-000000000002', 'ООО «Авто-Северная столица»', '7816123456', 'г. Санкт-Петербург, пр. Энергетиков, 3А', now(), now()),
  ('20000000-0000-4000-8000-000000000003', 'ООО «Авто-Казань»', '1655123456', 'г. Казань, ул. Вахитова, 3', now(), now())
ON CONFLICT (id) DO NOTHING;

-- Связь точка — юр. лицо (у каждой точки своё основное юр. лицо)
INSERT INTO dealer_point_legal_entities (dealer_point_id, legal_entity_id)
VALUES
  ('10000000-0000-4000-8000-000000000001', '20000000-0000-4000-8000-000000000001'),
  ('10000000-0000-4000-8000-000000000002', '20000000-0000-4000-8000-000000000002'),
  ('10000000-0000-4000-8000-000000000003', '20000000-0000-4000-8000-000000000003')
ON CONFLICT (dealer_point_id, legal_entity_id) DO NOTHING;

-- Склады: у каждой точки по юр. лицу — склад машин и склад запчастей
INSERT INTO warehouses (id, dealer_point_id, legal_entity_id, type, name, created_at, updated_at)
VALUES
  ('30000000-0000-4000-8000-000000000001', '10000000-0000-4000-8000-000000000001', '20000000-0000-4000-8000-000000000001', 'cars',  'Склад автомобилей — Москва', now(), now()),
  ('30000000-0000-4000-8000-000000000002', '10000000-0000-4000-8000-000000000001', '20000000-0000-4000-8000-000000000001', 'parts', 'Склад запчастей — Москва', now(), now()),
  ('30000000-0000-4000-8000-000000000003', '10000000-0000-4000-8000-000000000002', '20000000-0000-4000-8000-000000000002', 'cars',  'Склад автомобилей — СПб', now(), now()),
  ('30000000-0000-4000-8000-000000000004', '10000000-0000-4000-8000-000000000002', '20000000-0000-4000-8000-000000000002', 'parts', 'Склад запчастей — СПб', now(), now()),
  ('30000000-0000-4000-8000-000000000005', '10000000-0000-4000-8000-000000000003', '20000000-0000-4000-8000-000000000003', 'cars',  'Склад автомобилей — Казань', now(), now()),
  ('30000000-0000-4000-8000-000000000006', '10000000-0000-4000-8000-000000000003', '20000000-0000-4000-8000-000000000003', 'parts', 'Склад запчастей — Казань', now(), now())
ON CONFLICT (id) DO NOTHING;

-- Бренды (автомобили и запчасти)
INSERT INTO brands (id, name, created_at, updated_at)
VALUES
  ('40000000-0000-4000-8000-000000000001', 'Volkswagen', now(), now()),
  ('40000000-0000-4000-8000-000000000002', 'Skoda', now(), now()),
  ('40000000-0000-4000-8000-000000000003', 'Hyundai', now(), now()),
  ('40000000-0000-4000-8000-000000000004', 'Kia', now(), now()),
  ('40000000-0000-4000-8000-000000000005', 'Nissan', now(), now())
ON CONFLICT (id) DO NOTHING;

-- Привязка существующих автомобилей к бренду (по полю make), к первой точке/юрлицу/складу машин
UPDATE vehicles SET brand_id = '40000000-0000-4000-8000-000000000001', dealer_point_id = '10000000-0000-4000-8000-000000000001', legal_entity_id = '20000000-0000-4000-8000-000000000001', warehouse_id = '30000000-0000-4000-8000-000000000001' WHERE make = 'Volkswagen';
UPDATE vehicles SET brand_id = '40000000-0000-4000-8000-000000000002', dealer_point_id = '10000000-0000-4000-8000-000000000001', legal_entity_id = '20000000-0000-4000-8000-000000000001', warehouse_id = '30000000-0000-4000-8000-000000000001' WHERE make = 'Skoda';
UPDATE vehicles SET brand_id = '40000000-0000-4000-8000-000000000003', dealer_point_id = '10000000-0000-4000-8000-000000000001', legal_entity_id = '20000000-0000-4000-8000-000000000001', warehouse_id = '30000000-0000-4000-8000-000000000001' WHERE make = 'Hyundai';
UPDATE vehicles SET brand_id = '40000000-0000-4000-8000-000000000004', dealer_point_id = '10000000-0000-4000-8000-000000000001', legal_entity_id = '20000000-0000-4000-8000-000000000001', warehouse_id = '30000000-0000-4000-8000-000000000001' WHERE make = 'Kia';
UPDATE vehicles SET brand_id = '40000000-0000-4000-8000-000000000005', dealer_point_id = '10000000-0000-4000-8000-000000000001', legal_entity_id = '20000000-0000-4000-8000-000000000001', warehouse_id = '30000000-0000-4000-8000-000000000001' WHERE make = 'Nissan';

-- Папки для запчастей (идемпотентно по id)
INSERT INTO part_folders (id, name, parent_id, created_at, updated_at)
VALUES
  ('50000000-0000-4000-8000-000000000001', 'Фильтры', NULL, now(), now()),
  ('50000000-0000-4000-8000-000000000002', 'Тормоза', NULL, now(), now()),
  ('50000000-0000-4000-8000-000000000003', 'Масла', NULL, now(), now()),
  ('50000000-0000-4000-8000-000000000004', 'Расходники', NULL, now(), now())
ON CONFLICT (id) DO NOTHING;

-- Привязка запчастей к папкам по категории
UPDATE parts SET folder_id = '50000000-0000-4000-8000-000000000001' WHERE category = 'Фильтры';
UPDATE parts SET folder_id = '50000000-0000-4000-8000-000000000002' WHERE category = 'Тормоза';
UPDATE parts SET folder_id = '50000000-0000-4000-8000-000000000003' WHERE category = 'Масла';
UPDATE parts SET folder_id = '50000000-0000-4000-8000-000000000004' WHERE category = 'Расходники';

-- Привязка запчастей к разным складам/точкам/юрлицам (для демо: Фильтры — Москва, Тормоза — СПб, Масла — Казань, Расходники — Москва)
UPDATE parts SET brand_id = '40000000-0000-4000-8000-000000000001', dealer_point_id = '10000000-0000-4000-8000-000000000001', legal_entity_id = '20000000-0000-4000-8000-000000000001', warehouse_id = '30000000-0000-4000-8000-000000000002' WHERE category = 'Фильтры';
UPDATE parts SET brand_id = '40000000-0000-4000-8000-000000000002', dealer_point_id = '10000000-0000-4000-8000-000000000002', legal_entity_id = '20000000-0000-4000-8000-000000000002', warehouse_id = '30000000-0000-4000-8000-000000000004' WHERE category = 'Тормоза';
UPDATE parts SET brand_id = '40000000-0000-4000-8000-000000000003', dealer_point_id = '10000000-0000-4000-8000-000000000003', legal_entity_id = '20000000-0000-4000-8000-000000000003', warehouse_id = '30000000-0000-4000-8000-000000000006' WHERE category = 'Масла';
UPDATE parts SET brand_id = '40000000-0000-4000-8000-000000000001', dealer_point_id = '10000000-0000-4000-8000-000000000001', legal_entity_id = '20000000-0000-4000-8000-000000000001', warehouse_id = '30000000-0000-4000-8000-000000000002' WHERE category = 'Расходники';

-- Синхронизация part_stock с parts (остатки по складам)
DELETE FROM part_stock WHERE part_id IN (SELECT id FROM parts WHERE category IN ('Фильтры','Тормоза','Масла','Расходники'));
INSERT INTO part_stock (part_id, warehouse_id, quantity)
SELECT id, warehouse_id, quantity FROM parts WHERE category IN ('Фильтры','Тормоза','Масла','Расходники') AND warehouse_id IS NOT NULL AND quantity > 0
ON CONFLICT (part_id, warehouse_id) DO UPDATE SET quantity = EXCLUDED.quantity, updated_at = now();
